baignade à île de La Réunion,https://www.blog.dineo.re/wp-content/uploads/2026/01/baignade-a-ile-de-La-Reunion.jpg
baleine île de La Réunion,https://www.blog.dineo.re/wp-content/uploads/2026/01/baleine-ile-de-La-Reunion.jpg
bassin île de La Réunion,https://www.blog.dineo.re/wp-content/uploads/2026/01/bassin-ile-de-La-Reunion.jpg
bélouve île de La Réunion,https://www.blog.dineo.re/wp-content/uploads/2026/01/belouve-ile-de-La-Reunion.jpg
canyoning à île de La Réunion,https://www.blog.dineo.re/wp-content/uploads/2026/01/canyoning-a-ile-de-La-Reunion.jpg
canyoning île de La Réunion,https://www.blog.dineo.re/wp-content/uploads/2026/01/canyoning-ile-de-La-Reunion.jpg
cascade île de La Réunion,https://www.blog.dineo.re/wp-content/uploads/2026/01/cascade-ile-de-La-Reunion.jpg
cilaos île de La Réunion,https://www.blog.dineo.re/wp-content/uploads/2026/01/cilaos-ile-de-La-Reunion.jpg
cirque de mafate île de La Réunion vue du ciel,https://www.blog.dineo.re/wp-content/uploads/2026/01/cirque-de-mafate-ile-de-La-Reunion-2.jpg
cirque de mafate île de La Réunion,https://www.blog.dineo.re/wp-content/uploads/2026/01/cirque-de-mafate-ile-de-La-Reunion.jpg
cirque île de La Réunion,https://www.blog.dineo.re/wp-content/uploads/2026/01/cirque-ile-de-La-Reunion.jpg
drapeau île de La Réunion,https://www.blog.dineo.re/wp-content/uploads/2026/01/drapeau-ile-de-La-Reunion.jpg
éruption île de La Réunion,https://www.blog.dineo.re/wp-content/uploads/2026/01/eruption-ile-de-La-Reunion.jpg
lézard île de La Réunion,https://www.blog.dineo.re/wp-content/uploads/2026/01/lezard-ile-de-La-Reunion.jpg
maido île de La Réunion,https://www.blog.dineo.re/wp-content/uploads/2026/01/maido-ile-de-La-Reunion.jpg
parapente à île de La Réunion,https://www.blog.dineo.re/wp-content/uploads/2026/01/parapente-a-ile-de-La-Reunion.jpg
parapente île de La Réunion,https://www.blog.dineo.re/wp-content/uploads/2026/01/parapente-ile-de-La-Reunion.jpg
pas de bellecombe volcan île de La Réunion,https://www.blog.dineo.re/wp-content/uploads/2026/01/pas-de-bellecombe-volcan-ile-de-La-Reunion.jpg
plage île de La Réunion,https://www.blog.dineo.re/wp-content/uploads/2026/01/plage-ile-de-La-Reunion.jpg
plongée à île de La Réunion,https://www.blog.dineo.re/wp-content/uploads/2026/01/plongee-a-ile-de-La-Reunion.jpg
randonnée en groupe marche La Réunion,https://www.blog.dineo.re/wp-content/uploads/2026/01/randonnee-en-groupe-marche-La-Reunion.jpg
randonnée île de La Réunion,https://www.blog.dineo.re/wp-content/uploads/2026/01/randonnee-ile-de-La-Reunion.jpg
randonnée La Réunion,https://www.blog.dineo.re/wp-content/uploads/2026/01/randonnee-La-Reunion.jpg
randonnée marche La Réunion,https://www.blog.dineo.re/wp-content/uploads/2026/01/randonnee-marche-La-Reunion.jpg
route des laves volcan île de La Réunion,https://www.blog.dineo.re/wp-content/uploads/2026/01/route-des-laves-volcan-ile-de-La-Reunion.jpg
saut baleine île de La Réunion,https://www.blog.dineo.re/wp-content/uploads/2026/01/saut-baleine-ile-de-La-Reunion.jpg
tissu île de La Réunion,https://www.blog.dineo.re/wp-content/uploads/2026/01/tissu-ile-de-La-Reunion.jpg
tortue île de La Réunion,https://www.blog.dineo.re/wp-content/uploads/2026/01/tortue-ile-de-La-Reunion.jpg
tortue plongée île de La Réunion,https://www.blog.dineo.re/wp-content/uploads/2026/01/tortue-plongee-ile-de-La-Reunion.jpg
trou de fer île de La Réunion,https://www.blog.dineo.re/wp-content/uploads/2026/01/trou-de-fer-ile-de-La-Reunion.jpg
vague île de La Réunion,https://www.blog.dineo.re/wp-content/uploads/2026/01/vague-ile-de-La-Reunion.jpg
vague haute à île de La Réunion,https://www.blog.dineo.re/wp-content/uploads/2026/01/vague-haute-a-ile-de-La-Reunion.jpg
volcan île de La Réunion,https://www.blog.dineo.re/wp-content/uploads/2026/01/volcan-ile-de-La-Reunion.jpg
volcan piton de la fournaise île de La Réunion,https://www.blog.dineo.re/wp-content/uploads/2026/01/volcan-piton-de-la-fournaise-ile-de-La-Reunion.jpg
vue sur la mer île de La Réunion,https://www.blog.dineo.re/wp-content/uploads/2026/01/vue-sur-la-mer-ile-de-La-Reunion.jpg